<?xml version="1.0" encoding="UTF-8"?>
<config xmlns="http://www.knime.org/2008/09/XMLConfig" xmlns:xsi="http://www.w3.org/2001/XMLSchema-instance" xsi:schemaLocation="http://www.knime.org/2008/09/XMLConfig http://www.knime.org/XMLConfig_2008_09.xsd" key="model.xml">
<entry key="version" type="xint" value="1"/>
<entry key="class_name" type="xstring" value="org.knime.base.algorithms.outlier.NumericOutliersPortObject"/>
<config key="model">
<entry key="summary" type="xstring" value="Outlier treatment for columns: &quot;Account Length&quot;, &quot;Area Code&quot;, &quot;VMail Message&quot;,  ... &lt;13 more&gt;"/>
<config key="group-col-types">
<entry key="array-size" type="xint" value="0"/>
</config>
<config key="outlier-treatment">
<entry key="outlier-treatment" type="xstring" value="Replace outlier values"/>
<entry key="replacement-strategy" type="xstring" value="Missing values"/>
<entry key="detection-option" type="xstring" value="All outliers"/>
<entry key="update-domain" type="xboolean" value="false"/>
</config>
<config key="permitted intervals">
<config key="groups">
<entry key="array-size" type="xint" value="0"/>
</config>
<config key="outliers">
<entry key="array-size" type="xint" value="16"/>
<entry key="0" type="xstring" value="Account Length"/>
<entry key="1" type="xstring" value="Area Code"/>
<entry key="2" type="xstring" value="VMail Message"/>
<entry key="3" type="xstring" value="Day Mins"/>
<entry key="4" type="xstring" value="Day Calls"/>
<entry key="5" type="xstring" value="Day Charge"/>
<entry key="6" type="xstring" value="Eve Mins"/>
<entry key="7" type="xstring" value="Eve Calls"/>
<entry key="8" type="xstring" value="Eve Charge"/>
<entry key="9" type="xstring" value="Night Mins"/>
<entry key="10" type="xstring" value="Night Calls"/>
<entry key="11" type="xstring" value="Night Charge"/>
<entry key="12" type="xstring" value="Intl Mins"/>
<entry key="13" type="xstring" value="Intl Calls"/>
<entry key="14" type="xstring" value="Intl Charge"/>
<entry key="15" type="xstring" value="CustServ Calls"/>
</config>
<config key="data">
<config key="row0">
<config key="key">
<config key="group-key">
<entry key="array-size" type="xint" value="0"/>
</config>
</config>
<config key="interval-columns">
<config key="interval0">
<entry key="outlier" type="xstring" value="Eve Calls"/>
<config key="interval">
<entry key="array-size" type="xint" value="2"/>
<entry key="0" type="xdouble" value="46.5"/>
<entry key="1" type="xdouble" value="154.5"/>
</config>
</config>
<config key="interval1">
<entry key="outlier" type="xstring" value="Area Code"/>
<config key="interval">
<entry key="array-size" type="xint" value="2"/>
<entry key="0" type="xdouble" value="255.0"/>
<entry key="1" type="xdouble" value="663.0"/>
</config>
</config>
<config key="interval2">
<entry key="outlier" type="xstring" value="Night Mins"/>
<config key="interval">
<entry key="array-size" type="xint" value="2"/>
<entry key="0" type="xdouble" value="64.54999999999998"/>
<entry key="1" type="xdouble" value="337.75"/>
</config>
</config>
<config key="interval3">
<entry key="outlier" type="xstring" value="Intl Calls"/>
<config key="interval">
<entry key="array-size" type="xint" value="2"/>
<entry key="0" type="xdouble" value="-1.5"/>
<entry key="1" type="xdouble" value="10.5"/>
</config>
</config>
<config key="interval4">
<entry key="outlier" type="xstring" value="Account Length"/>
<config key="interval">
<entry key="array-size" type="xint" value="2"/>
<entry key="0" type="xdouble" value="-5.5"/>
<entry key="1" type="xdouble" value="206.5"/>
</config>
</config>
<config key="interval5">
<entry key="outlier" type="xstring" value="Day Mins"/>
<config key="interval">
<entry key="array-size" type="xint" value="2"/>
<entry key="0" type="xdouble" value="34.5"/>
<entry key="1" type="xdouble" value="325.5"/>
</config>
</config>
<config key="interval6">
<entry key="outlier" type="xstring" value="Intl Mins"/>
<config key="interval">
<entry key="array-size" type="xint" value="2"/>
<entry key="0" type="xdouble" value="3.1000000000000005"/>
<entry key="1" type="xdouble" value="17.5"/>
</config>
</config>
<config key="interval7">
<entry key="outlier" type="xstring" value="Night Charge"/>
<config key="interval">
<entry key="array-size" type="xint" value="2"/>
<entry key="0" type="xdouble" value="2.914999999999999"/>
<entry key="1" type="xdouble" value="15.195"/>
</config>
</config>
<config key="interval8">
<entry key="outlier" type="xstring" value="Eve Charge"/>
<config key="interval">
<entry key="array-size" type="xint" value="2"/>
<entry key="0" type="xdouble" value="5.4"/>
<entry key="1" type="xdouble" value="28.759999999999998"/>
</config>
</config>
<config key="interval9">
<entry key="outlier" type="xstring" value="Night Calls"/>
<config key="interval">
<entry key="array-size" type="xint" value="2"/>
<entry key="0" type="xdouble" value="48.0"/>
<entry key="1" type="xdouble" value="152.0"/>
</config>
</config>
<config key="interval10">
<entry key="outlier" type="xstring" value="VMail Message"/>
<config key="interval">
<entry key="array-size" type="xint" value="2"/>
<entry key="0" type="xdouble" value="-30.0"/>
<entry key="1" type="xdouble" value="50.0"/>
</config>
</config>
<config key="interval11">
<entry key="outlier" type="xstring" value="CustServ Calls"/>
<config key="interval">
<entry key="array-size" type="xint" value="2"/>
<entry key="0" type="xdouble" value="-0.5"/>
<entry key="1" type="xdouble" value="3.5"/>
</config>
</config>
<config key="interval12">
<entry key="outlier" type="xstring" value="Day Charge"/>
<config key="interval">
<entry key="array-size" type="xint" value="2"/>
<entry key="0" type="xdouble" value="5.860000000000003"/>
<entry key="1" type="xdouble" value="55.33999999999999"/>
</config>
</config>
<config key="interval13">
<entry key="outlier" type="xstring" value="Day Calls"/>
<config key="interval">
<entry key="array-size" type="xint" value="2"/>
<entry key="0" type="xdouble" value="46.5"/>
<entry key="1" type="xdouble" value="154.5"/>
</config>
</config>
<config key="interval14">
<entry key="outlier" type="xstring" value="Eve Mins"/>
<config key="interval">
<entry key="array-size" type="xint" value="2"/>
<entry key="0" type="xdouble" value="63.54999999999997"/>
<entry key="1" type="xdouble" value="338.35"/>
</config>
</config>
<config key="interval15">
<entry key="outlier" type="xstring" value="Intl Charge"/>
<config key="interval">
<entry key="array-size" type="xint" value="2"/>
<entry key="0" type="xdouble" value="0.8449999999999995"/>
<entry key="1" type="xdouble" value="4.7250000000000005"/>
</config>
</config>
</config>
</config>
</config>
</config>
</config>
</config>
